t,size,runtime,runtime2,size,threads
 1, 33554432, 1526.949220, 1526.949273,33554432,2
 1, 33554432, 1721.823470, 1721.823532,33554432,2
 1, 33554432, 1637.834070, 1637.834154,33554432,2
 1, 33554432, 1676.248715, 1676.248791,33554432,2
 1, 33554432, 857.045643, 857.045673,33554432,2
 1, 33554432, 865.413328, 865.413355,33554432,2
 1, 33554432, 862.013510, 862.013535,33554432,2
 1, 33554432, 861.230870, 861.230898,33554432,2