t,size,runtime,n
192,16384,424.996698,14
192,16384,427.967544,14
192,16384,448.813894,14
192,16384,428.563747,14
192,16384,425.100611,14
192,16384,427.678570,14
192,16384,427.441542,14
192,16384,427.882365,14
192,16384,424.962734,14
382,65536,893.075980,16
382,65536,898.752592,16
382,65536,887.145193,16
382,65536,887.304758,16
382,65536,897.766107,16
382,65536,898.773282,16
382,65536,898.400876,16
382,65536,890.932523,16
382,65536,913.858161,16
382,65536,896.140556,16
741,262144,1786.667297,18
741,262144,1821.711111,18
741,262144,1801.123864,18
741,262144,1807.163351,18
741,262144,1783.372653,18
741,262144,1799.967129,18
741,262144,1822.628058,18
741,262144,1818.534040,18
741,262144,1782.480827,18
741,262144,1822.318475,18
1422,1048576,3574.194028,20
1422,1048576,3504.178666,20
1422,1048576,3518.922088,20
1422,1048576,3621.580291,20
1422,1048576,3645.519697,20
1422,1048576,3491.102020,20
1422,1048576,3634.446068,20
1422,1048576,3595.350032,20
1422,1048576,3493.764846,20
1422,1048576,3492.118981,20
74,2048,160.344603
74,2048,159.821488
74,2048,159.621818
74,2048,159.517988
74,2048,159.927622
74,2048,159.036932
74,2048,160.305731
74,2048,159.926743
74,2048,159.318405
74,2048,159.879777
74,2048,159.778288
74,2048,159.178514
74,2048,160.189225
74,2048,160.081717
74,2048,160.279855
74,2048,159.348487
74,2048,159.865040
74,2048,159.273510
74,2048,159.387626
74,2048,160.090018
74,2048,159.515726
74,2048,160.294937
74,2048,160.605049
74,2048,159.762237
74,2048,160.198687
74,2048,160.421555
74,2048,159.606595
74,2048,160.281355
74,2048,159.698564
74,2048,159.966527